t,pid,x,y,z,vx,vy,vz
0,0,0,0,0,1,0,0
0,1,0,0,0,0,1,0
0,2,0,0,0,1,0,0.5
0,3,0,0,0,0.5,0.5,0
0.0314159,0,0.031408176878879084,-0.0004933584887266767,0,0.99950664151127333,-0.031408176878879084,0
0.0314159,1,0.00024672489079555866,0.031413988763136981,0,0.015706994381568491,0.99987663755460221,0
0.0314159,2,0.031408176878879084,0.0004933584887266767,0.015707963267948967,0.99950664151127333,0.031408176878879084,0.5
0.0314159,3,0.016185469070326416,0.015199481760686544,0,0.53039896352137306,0.46762906185934716,0
0.0628319,0,0.062785362776400927,-0.0019729471497099095,0,0.99802705285029014,-0.062785362776400927,0
0.0628319,1,0.00098683869001049652,0.062820226913326921,0,0.03141011345666346,0.99950658065499476,0
0.0628319,2,0.062785362776400927,0.0019729471497099095,0.031415926535897934,0.99802705285029014,0.062785362776400927,0.5
0.0628319,3,0.033293090781877061,0.029353030227216657,0,0.55870606045443327,0.43341381843624588,0
0.0942478,0,0.094100597290535715,-0.0044373060476982588,0,0.99556269395230179,-0.094100597290535715,0
0.0942478,1,0.0022201587931485259,0.09421096574989192,0,0.04710548287494596,0.99888992060342574,0
0.0942478,2,0.094100597290535715,0.0044373060476982588,0.047123889803846901,0.99556269395230179,0.094100597290535715,0.5
0.0942478,3,0.051255393543029104,0.042404824522892855,0,0.5848096490457857,0.39748921291394179,0
0.125664,0,0.12532298114773543,-0.0078840035579285407,0,0.99211599644207149,-0.12532298114773543,0
0.125664,1,0.003946380909441884,0.12557846039622053,0,0.062789230198110266,0.99802680954527911,0
0.125664,2,0.12532298114773543,0.0078840035579285407,0.062831853071795868,0.99211599644207149,0.12532298114773543,0.5
0.125664,3,0.070001534943484919,0.054303389033540865,0,0.60860677806708174,0.35999693011303013,0
0.15708,0,0.15642170669177163,-0.012309638765451266,0,0.98769036123454879,-0.15642170669177163,0
0.15708,1,0.0061650791369274403,0.15691497171062163,0,0.078457485855310816,0.99691746043153628,0
0.15708,2,0.15642170669177163,0.012309638765451266,0.078539816339744828,0.98769036123454879,0.15642170669177163,0.5
0.15708,3,0.089457581153142257,0.065001796424718969,0,0.63000359284943797,0.32108483769371543,0
0.188496,0,0.18736608828217283,-0.017709844820871158,0,0.98229015517912888,-0.18736608828217283,0
0.188496,1,0.008875706067527309,0.18821276819576321,0,0.094106384097881607,0.99556214696623635,0
0.188496,2,0.18736608828217283,0.017709844820871158,0.094247779607693788,0.98229015517912888,0.18736608828217283,0.5
0.188496,3,0.10954679851336716,0.074457852720742929,0,0.64891570544148591,0.28090640297326563,0
0.219911,0,0.21812559257226696,-0.024079293249191582,0,0.97592070675080844,-0.21812559257226696,0
0.219911,1,0.012077592922108051,0.21946412790622538,0,0.10973206395311269,0.99396120353894601,0
0.219911,2,0.21812559257226696,0.024079293249191582,0.10995574287564275,0.97592070675080844,0.21812559257226696,0.5
0.219911,3,0.13018995617064849,0.082634263715584272,0,0.6652685274311686,0.23962008765870293,0
0.251327,0,0.24866986863695298,-0.031411699207511308,0,0.9685883007924887,-0.24866986863695298,0
0.251327,1,0.015769949715485131,0.25066134035369636,0,0.12533067017684818,0.99211502514225747,0
0.251327,2,0.24866986863695298,0.031411699207511308,0.12566370614359171,0.9685883007924887,0.24866986863695298,0.5
0.251327,3,0.1513056385590624,0.089498782059325738,0,0.67899756411865153,0.19738872288187514,0
0.282743,0,0.27896877792047381,-0.039699827686385677,0,0.96030017231361431,-0.27896877792047381,0
0.282743,1,0.019951865451331922,0.2817967084093419,0,0.14089835420467095,0.99002406727433412,0
0.282743,2,0.27896877792047381,0.039699827686385677,0.14137166941154067,0.96030017231361431,0.27896877792047381,0.5
0.282743,3,0.1728105664991314,0.095024334440072453,0,0.69004866888014493,0.15437886700173714,0
0.314159,0,0.30899242397464111,-0.048935500648733268,0,0.95106449935126669,-0.30899242397464111,0
0.314159,1,0.024622308346945183,0.31286255020287856,0,0.15643127510143928,0.9876888458265275,0
0.314159,2,0.30899242397464111,0.048935500648733268,0.15707963267948963,0.95106449935126669,0.30899242397464111,0.5
0.314159,3,0.19461992564668099,0.099189128359719755,0,0.69837825671943954,0.11076014870663797,0
0.345575,0,0.33871118195816813,-0.059109605099243928,0,0.94089039490075599,-0.33871118195816813,0
0.345575,1,0.029780126087811529,0.34385120101788241,0,0.17192560050894121,0.98510993695609428,0
0.345575,2,0.33871118195816813,0.059109605099243928,0.17278759594743859,0.94089039490075599,0.33871118195816813,0.5
0.345575,3,0.2166477009963077,0.10197673808245949,0,0.70395347616491899,0.066704598007384514,0
0.376991,0,0.36809572786800376,-0.070212102076325958,0,0.929787897923674,-0.36809572786800376,0
0.376991,1,0.035424046111912098,0.37475501518286519,0,0.1873775075914326,0.98228797694404402,0
0.376991,2,0.36809572786800376,0.070212102076325958,0.18849555921538755,0.929787897923674,0.36809572786800376,0.5
0.376991,3,0.23880701612019425,0.10337616941704826,0,0.70675233883409649,0.022385967759611415,0
0.408407,0,0.39711706747382397,-0.082232036557719934,0,0.91776796344228007,-0.39711706747382397,0
0.408407,1,0.041552675923695284,0.40556636795765189,0,0.20278318397882594,0.97922366203815248,0
0.408407,2,0.39711706747382397,0.082232036557719934,0.20420352248333651,0.91776796344228007,0.39711706747382397,0.5
0.408407,3,0.26101047580433079,0.10338190307733959,0,0.70676380615467915,-0.022020951608661611,0
0.439823,0,0.42574656492713125,-0.095157548270005193,0,0.90484245172999478,-0.42574656492713125,0
0.439823,1,0.048164503437640054,0.4362776574145939,0,0.21813882870729695,0.97591774828118005,0
0.439823,2,0.42574656492713125,0.095157548270005193,0.21991148575128547,0.90484245172999478,0.42574656492713125,0.5
0.439823,3,0.28317051073080263,0.10199391645006835,0,0.70398783290013667,-0.06634102146160531,0
0.471239,0,0.45395597101673252,-0.10897588339133296,0,0.89102411660866698,-0.45395597101673252,0
0.471239,1,0.055257897351325067,0.46688130631415375,0,0.23344065315707688,0.97237105132433754,0
0.471239,2,0.45395597101673252,0.10897588339133296,0.23561944901923443,0.89102411660866698,0.45395597101673252,0.5
0.471239,3,0.30519972284673508,0.099217683684036273,0,0.69843536736807255,-0.11039944569347024,0
0.502655,0,0.48171745104271524,-0.12367340713583888,0,0.87632659286416104,-0.48171745104271524,0
0.502655,1,0.062831107547911602,0.49736976397439875,0,0.24868488198719937,0.96858444622604423,0
0.502655,2,0.48171745104271524,0.12367340713583888,0.25132741228718342,0.87632659286416104,0.48171745104271524,0.5
0.502655,3,0.32701123005777749,0.095064154100347048,0,0.69012830820069404,-0.15402246011555504,0
0.534071,0,0.50900361228141855,-0.13923561720731772,0,0.86076438279268219,-0.50900361228141855,0
0.534071,1,0.070882265527940927,0.52773550813394221,0,0.26386775406697111,0.96455886723602957,0
0.534071,2,0.50900361228141855,0.13923561720731772,0.2670353755551324,0.86076438279268219,0.50900361228141855,0.5
0.534071,3,0.34851900888667298,0.089549709008839573,0,0.67909941801767915,-0.19703801777334601,0
0.565487,0,0.53578753101429877,-0.15564715810888527,0,0.8443528418911147,-0.53578753101429877,0
0.565487,1,0.079409384870339647,0.55797104680787235,0,0.27898552340393618,0.96029530756483017,0
0.565487,2,0.53578753101429877,0.15564715810888527,0.28274333882308139,0.8443528418911147,0.53578753101429877,0.5
0.565487,3,0.36963823374548621,0.082696097101033594,0,0.66539219420206719,-0.23927646749097253,0
0.596903,0,0.56204277909401934,-0.17289183629450774,0,0.82710816370549223,-0.56204277909401934,0
0.596903,1,0.088410361722519204,0.5880689201362117,0,0.29403446006810585,0.95579481913874043,0
0.596903,2,0.56204277909401934,0.17289183629450774,0.29845130209103038,0.82710816370549223,0.56204277909401934,0.5
0.596903,3,0.39028561148341634,0.074530348674394287,0,0.64906069734878857,-0.28057122296683285,0
0.628319,0,0.5877434500215527,-0.1909526361474487,0,0.80904736385255127,-0.5877434500215527,0
0.628319,1,0.097882975319448701,0.61802170222445019,0,0.30901085111222509,0.95105851234027572,0
0.628319,2,0.5877434500215527,0.1909526361474487,0.31415926535897937,0.80904736385255127,0.5877434500215527,0.5
0.628319,3,0.41037970989075562,0.065084669026211156,0,0.63016933805242226,-0.3207594197815114,0
0.659734,0,0.61286418450856284,-0.20981173676986686,0,0.79018826323013314,-0.61286418450856284,0
0.659734,1,0.10782488853157288,0.64782200297569803,0,0.32391100148784902,0.94608755573421366,0
0.659734,2,0.61286418450856284,0.20981173676986686,0.32986722862692835,0.79018826323013314,0.61286418450856284,0.5
0.659734,3,0.42984127886339085,0.054396311437540326,0,0.60879262287508062,-0.35968255772678187,0
0.69115,0,0.63738019549984526,-0.22945052956699857,0,0.77054947043300148,-0.63738019549984526,0
0.69115,1,0.11823364844144017,0.67746246991400683,0,0.33873123495700341,0.94088317577928005,0
0.69115,2,0.63738019549984526,0.22945052956699857,0.34557519189487734,0.77054947043300148,0.63738019549984526,0.5
0.69115,3,0.44859356296119124,0.042507430248155093,0,0.58501486049631013,-0.3971871259223827,0
0.722566,0,0.66126729263113548,-0.2498496366085742,0,0.75015036339142582,-0.66126729263113548,0
0.722566,1,0.12910668694889851,0.706935789998408,0,0.353467894999204,0.93544665652555092,0
0.722566,2,0.66126729263113548,0.2498496366085742,0.36128315516282633,0.75015036339142582,0.66126729263113548,0.5
0.722566,3,0.46656260412756806,0.029464914601969656,0,0.5589298292039393,-0.43312520825513628,0
0.753982,0,0.68450190609815198,-0.27098892974935096,0,0.72901107025064904,-0.68450190609815198,0
0.753982,1,0.14044132140470952,0.73623469142722231,0,0.36811734571361115,0.92977933929764545,0
0.753982,2,0.68450190609815198,0.27098892974935096,0.37699111843077532,0.72901107025064904,0.68450190609815198,0.5
0.753982,3,0.48367753337629549,0.015320203518635689,0,0.53064040703727133,-0.46735506675259109,0
0.785398,0,0.70706110991332216,-0.29284755048989547,0,0.70715244951010447,-0.70706110991332216,0
0.785398,1,0.15223475527242489,0.76535194543219431,0,0.38267597271609716,0.92388262236378771,0
0.785398,2,0.70706110991332216,0.29284755048989547,0.39269908169872431,0.70715244951010447,0.70706110991332216,0.5
0.785398,3,0.49987085029519501,0.0001290830206599515,0,0.5002581660413199,-0.49974170059039014,0
0.816814,0,0.72892264452724387,-0.31540393055801935,0,0.68459606944198059,-0.72892264452724387,0
0.816814,1,0.1644840788183615,0.79428036806200941,0,0.39714018403100471,0.91775796059081938,0
0.816814,2,0.72892264452724387,0.31540393055801935,0.40840704496667329,0.68459606944198059,0.72892264452724387,0.5
0.816814,3,0.51507868926433453,-0.016048533883836702,0,0.4679029322323266,-0.53015737852866929,0
0.84823,0,0.75006493879256042,-0.33863581319055946,0,0.66136418680944054,-0.75006493879256042,0
0.84823,1,0.17718626982950517,0.82301282195475334,0,0.41150641097737667,0.9114068650852476,0
0.84823,2,0.75006493879256042,0.33863581319055946,0.42411500823462228,0.66136418680944054,0.75006493879256042,0.5
0.84823,3,0.52924107133879172,-0.033148843494982073,0,0.43370231301003587,-0.55848214267758356,0
0.879646,0,0.7704671312485778,-0.36252027509450407,0,0.63747972490549598,-0.7704671312485778,0
0.879646,1,0.1903381943591658,0.85154221809887709,0,0.42577110904943855,0.90483090282041734,0
0.879646,2,0.7704671312485778,0.36252027509450407,0.43982297150257127,0.63747972490549598,0.7704671312485778,0.5
0.879646,3,0.54230214080256767,-0.051104403059706149,0,0.3977911938805877,-0.58460428160513556,0
0.911062,0,0.79010909070562241,-0.38703374906579524,0,0.61296625093420487,-0.79010909070562241,0
0.911062,1,0.20393660750020004,0.87986151758223263,0,0.43993075879111632,0.8980316962499002,0
0.911062,2,0.79010909070562241,0.38703374906579524,0.45553093477052026,0.61296625093420487,0.79010909070562241,0.5
0.911062,3,0.55421038546069601,-0.069844396762535732,0,0.36031120647492854,-0.60842077092139235,0
0.942478,0,0.8089714361088276,-0.41215204724348908,0,0.58784795275651103,-0.8089714361088276,0
0.942478,1,0.2179781541856107,0.90796373332874747,0,0.45398186666437373,0.89101092290719486,0
0.942478,2,0.8089714361088276,0.41215204724348908,0.47123889803846924,0.58784795275651103,0.8089714361088276,0.5
0.942478,3,0.56491883980072477,-0.089294915019575941,0,0.32141016996084809,-0.62983767960144998,0
0.973894,0,0.82703555566174936,-0.437850384976329,0,0.56214961502367111,-0.82703555566174936,0
0.973894,1,0.23245937001632522,0.93584193182231046,0,0.46792096591115523,0.88377031499183756,0
0.973894,2,0.82703555566174936,0.437850384976329,0.48694686130641823,0.56214961502367111,0.82703555566174936,0.5
0.973894,3,0.57438527022231345,-0.10937924597415734,0,0.2812415080516853,-0.64877054044462734,0
1.00531,0,0.84428362519094213,-0.46410340527818161,0,0.5358965947218185,-0.84428362519094213,0
1.00531,1,0.24737668211594918,0.96348923481744264,0,0.48174461740872132,0.87631165894202556,0
1.00531,2,0.84428362519094213,0.46410340527818161,0.50265482457436717,0.5358965947218185,0.84428362519094213,0.5
1.00531,3,0.58257234160440896,-0.13001817804450461,0,0.23996364391099073,-0.66514468320881825,0
1.03673,0,0.86069862573337308,-0.49088520384820572,0,0.50911479615179445,-0.86069862573337308,0
1.03673,1,0.26272641001228381,0.99089882103633187,0,0.49544941051816593,0.86863679499385826,0
1.03673,2,0.86069862573337308,0.49088520384820572,0.51836278784231615,0.50911479615179445,0.86069862573337308,0.5
1.03673,3,0.5894477645530678,-0.15113031233019425,0,0.19773937533961147,-0.67889552910613593,0
1.06814,0,0.8762643603293222,-0.5181693546310655,0,0.48183064536893466,-0.8762643603293222,0
1.06814,1,0.27850476654539019,1.0180639278518115,0,0.50903196392590577,0.86074761672730504,0
1.06814,2,0.8762643603293222,0.5181693546310655,0.53407075111026514,0.48183064536893466,0.8762643603293222,0.5
1.06814,3,0.59498442274918684,-0.17263238364528583,0,0.15473523270942832,-0.68996884549837401,0
1.09956,0,0.89096547000419701,-0.54592893589196811,0,0.45407106410803205,-0.89096547000419701,0
1.09956,1,0.2947078588019757,1.0449778529558689,0,0.52248892647793443,0.85264607059901232,0
1.09956,2,0.89096547000419701,0.54592893589196811,0.54977871437821413,0.45407106410803205,0.89096547000419701,0.5
1.09956,3,0.59916047989388932,-0.19443958891198873,0,0.11112082217602248,-0.69832095978777897,0
1.13097,0,0.90478744892349405,-0.57413655678079645,0,0.42586344321920372,-0.90478744892349405,0
1.13097,1,0.31133168907587283,1.0716339560132719,0,0.53581697800663597,0.8443341554620637,0
1.13097,2,0.90478744892349405,0.57413655678079645,0.56548667764616312,0.42586344321920372,0.90478744892349405,0.5
1.13097,3,0.60195946582977922,-0.21646592161969624,0,0.067068156760607428,-0.70391893165955877,0
1.16239,0,0.91771665870595154,-0.60276438435912594,0,0.39723561564087428,-0.91771665870595154,0
1.16239,1,0.32837215585437263,1.0980256602999048,0,0.54901283014995239,0.8358139220728138,0
1.16239,2,0.91771665870595154,0.60276438435912594,0.5811946409141121,0.39723561564087428,0.91771665870595154,0.5
1.16239,3,0.60337034149840596,-0.23862451103029755,0,0.022750977939404782,-0.70674068299681225,0
1.19381,0,0.92974034188077204,-0.63178417106345741,0,0.36821582893654287,-0.92974034188077204,0
1.19381,1,0.34582505483017006,1.1241464543254096,0,0.56207322716270469,0.82708747258491511,0
1.19381,2,0.92974034188077204,0.63178417106345741,0.59690260418206109,0.36821582893654287,0.92974034188077204,0.5
1.19381,3,0.60338754247775062,-0.26082796479195919,0,-0.02165592958391846,-0.70677508495550145,0
1.22522,0,0.94084663447563555,-0.66116728257756763,0,0.33883271742243271,-0.94084663447563555,0
1.22522,1,0.3636860799386713,1.1499898934397326,0,0.57499494671986617,0.81815696003066452,0
1.22522,2,0.94084663447563555,0.66116728257756763,0.61261056745001008,0.33883271742243271,0.94084663447563555,0.5
1.22522,3,0.60201100092802373,-0.2829887136101244,0,-0.065977427220248908,-0.70402200185604757,0
1.25664,0,0.95102457772308213,-0.69088472608647522,0,0.30911527391352517,-0.95102457772308213,0
1.25664,1,0.3819508244204069,1.1755496014231808,0,0.58777480071159027,0.80902458778979669,0
1.25664,2,0.95102457772308213,0.69088472608647522,0.62831853071795907,0.30911527391352517,0.95102457772308213,0.5
1.25664,3,0.5992461458592222,-0.30501935661636592,0,-0.11003871323273193,-0.6984922917184444,0
1.28805,0,0.96026412887371393,-0.72090717888414335,0,0.27909282111585698,-0.96026412887371393,0
1.28805,1,0.40061478190828925,1.2008192720595929,0,0.60040963602979636,0.79969260904585548,0
1.28805,2,0.96026412887371393,0.72090717888414335,0.64402649398590806,0.27909282111585698,0.96026412887371393,0.5
1.28805,3,0.59510388171938933,-0.32683300607297427,0,-0.15366601214594866,-0.69020776343877865,0
1.31947,0,0.96855617110554659,-0.75120501730669187,0,0.24879498269330846,-0.96855617110554659,0
1.31947,1,0.4196733475394453,1.2257926706922411,0,0.61289633534612042,0.79016332623027752,0
1.31947,2,0.96855617110554659,0.75120501730669187,0.65973445725385704,0.24879498269330846,0.96855617110554659,0.5
1.31947,3,0.58960054538802531,-0.34834363005378488,0,-0.1966872601075699,-0.67920109077605062,0
1.35088,0,0.97589252251973213,-0.78174834596256915,0,0.21825165403743124,-0.97589252251973213,0
1.35088,1,0.43912181909135095,1.2504636357620746,0,0.62523181788103721,0.78043909045432469,0
1.35088,2,0.97589252251973213,0.78174834596256915,0.67544242052180603,0.21825165403743124,0.97589252251973213,0.5
1.35088,3,0.58275784174426382,-0.36946639174972767,0,-0.23893278349945554,-0.66551568348852763,0
1.3823,0,0.98226594421377766,-0.81250702723084234,0,0.187492972769158,-0.98226594421377766,0
1.3823,1,0.45895539814198649,1.274826080327931,0,0.63741304016396538,0.77052230092900698,0
1.3823,2,0.98226594421377766,0.81250702723084234,0.69115038378975502,0.187492972769158,0.98226594421377766,0.5
1.3823,3,0.57460275806393035,-0.39011798406089571,0,-0.28023596812179163,-0.6492055161278607,0
1.41372,0,0.98767014742429327,-0.84345071099850011,0,0.15654928900150022,-0.98767014742429327,0
1.41372,1,0.47916919125372653,1.2988739935683351,0,0.64943699678416744,0.76041540437313693,0
1.41372,2,0.98767014742429327,0.84345071099850011,0.70685834705770401,0.15654928900150022,0.98767014742429327,0.5
1.41372,3,0.56516745758309628,-0.41021695815551829,0,-0.32043391631103679,-0.63033491516619267,0
1.44513,0,0.9920997997322214,-0.87454886460742387,0,0.12545113539257643,-0.9920997997322214,0
1.44513,1,0.49975821118067304,1.3226014422645189,0,0.66130072113225935,0.75012089440966367,0
1.44513,2,0.9920997997322214,0.87454886460742387,0.72256631032565299,0.12545113539257643,0.9920997997322214,0.5
1.44513,3,0.55448915264790866,-0.42968404470001909,0,-0.35936808940003839,-0.60897830529581742,0
1.47655,0,0.99555053032442575,-0.90577080298148038,0,0.094229197018519978,-0.99555053032442575,0
1.47655,1,0.52071737809913288,1.3460025722642939,0,0.67300128613214683,0.73964131095043373,0
1.47655,2,0.99555053032442575,0.90577080298148038,0.73827427359360198,0.094229197018519978,0.99555053032442575,0.5
1.47655,3,0.54260995795098577,-0.44844246649324393,0,-0.39688493298648814,-0.58521991590197153,0
1.50796,0,0.99801893430644628,-0.93708571890400683,0,0.062914281095993563,-0.99801893430644628,0
1.50796,1,0.54204152086093704,1.3690716099264164,0,0.68453580496320809,0.7289792395695317,0
1.50796,2,0.99801893430644628,0.93708571890400683,0.75398223686155097,0.062914281095993563,0.99801893430644628,0.5
1.50796,3,0.52957672443320714,-0.46641824127184489,0,-0.43283648254369006,-0.55915344886641416,0
1.53938,0,0.99950257606216675,-0.96846271341581491,0,0.031537286584185448,-0.99950257606216675,0
1.53938,1,0.56372537826929126,1.3918028635450885,0,0.69590143177254415,0.71813731086535459,0
1.53938,2,0.99950257606216675,0.96846271341581491,0.76969020012949996,0.031537286584185448,0.99950257606216675,0.5
1.53938,3,0.51544085450598121,-0.4835404734925714,0,-0.46708094698514302,-0.53088170901196219,0
1.5708,0,0.99999999165707831,-0.99987082630371849,0,0.00012917369628190345,-0.99999999165707831,0
1.5708,1,0.58576360037684438,1.4141907247542436,0,0.70709536237712167,0.70711819981157809,0
1.5708,2,0.99999999165707831,0.99987082630371849,0.78539816339744895,0.00012917369628190345,0.99999999165707831,0.5
1.5708,3,0.50025809932274379,-0.49974163394069404,0,-0.4994832678813883,-0.50051619864548735,0
1.60221,0,0.99951069028276862,-1.0312790666495011,0,-0.031279066649500802,-0.99951069028276862,0
1.60221,1,0.60815074980565365,1.4362296699112695,0,0.71811483495563466,0.69592462509717345,0
1.60221,2,0.99951069028276862,1.0312790666495011,0.80110612666539793,-0.031279066649500802,0.99951069028276862,0.5
1.60221,3,0.48408833889923908,-0.51495782606179963,0,-0.52991565212359959,-0.46817667779847799,0
1.63363,0,0.99803515474121074,-1.0626564434091819,0,-0.062656443409181556,-0.99803515474121074,0
1.63363,1,0.63088130308872092,1.4579142614598293,0,0.72895713072991453,0.68455934845563982,0
1.63363,2,0.99803515474121074,1.0626564434091819,0.81681408993334692,-0.062656443409181556,0.99803515474121074,0.5
1.63363,3,0.4669953459497771,-0.52912903796655841,0,-0.55825807593311727,-0.43399069189955397,0
1.66504,0,0.99557484096837445,-1.0939719959924039,0,-0.09397199599240362,-0.99557484096837445,0
1.66504,1,0.65394965203276978,1.4792391492714412,0,0.73961957463572048,0.67302517398361539,0
1.66504,2,0.99557484096837445,1.0939719959924039,0.83252205320129591,-0.09397199599240362,0.99557484096837445,0.5
1.66504,3,0.44904653437088554,-0.54219937911456917,0,-0.58439875822913878,-0.39809306874177081,0
1.69646,0,0.99213217659762931,-1.1251948248117751,0,-0.1251948248117748,-0.99213217659762931,0
1.69646,1,0.67735010510192617,1.5001990719654885,0,0.75009953598274415,0.66132494744903714,0
1.69646,2,0.99213217659762931,1.1251948248117751,0.8482300164692449,-0.1251948248117748,0.99213217659762931,0.5
1.69646,3,0.43031269336432398,-0.55411730074381349,0,-0.60823460148762742,-0.36062538672864775,0
1.72788,0,0.98771055856435752,-1.1562941217720153,0,-0.1562941217720149,-0.98771055856435752,0
1.72788,1,0.70107688882196206,1.5207888582073337,0,0.76039442910366672,0.64946155558901919,0
1.72788,2,0.98771055856435752,1.1562941217720153,0.86393797973719388,-0.1562941217720149,0.98771055856435752,0.5
1.72788,3,0.41086770824806562,-0.56483579917635651,0,-0.62967159835271336,-0.32173541649613102,0
1.75929,0,0.98231434975414034,-1.1872392006688268,0,-0.18723920066882641,-0.98231434975414034,0
1.75929,1,0.72512414920475521,1.5410034279842144,0,0.7705017139921071,0.63743792539762256,0
1.75929,2,0.98231434975414034,1.1872392006688268,0.87964594300514287,-0.18723920066882641,0.98231434975414034,0.5
1.75929,3,0.3907882690563535,-0.57431260119846661,0,-0.64862520239693355,-0.28157653811270678,0
1.79071,0,0.97594887469782465,-1.2179995274674935,0,-0.21799952746749318,-0.97594887469782465,0
1.79071,1,0.74948595319261369,1.5608377938586102,0,0.78041889692930499,0.62525702340369327,0
1.79071,2,0.97594887469782465,1.2179995274674935,0.89535390627309186,-0.21799952746749318,0.97594887469782465,0.5
1.79071,3,0.37015356807809846,-0.58251033078402481,0,-0.66502066156804995,-0.2403071361561967,0
1.82212,0,0.96862041431771817,-1.2485447504313314,0,-0.24854475043133095,-0.96862041431771817,0
1.82212,1,0.77415629012210907,1.5802870621987666,0,0.79014353109938318,0.61292185493894558,0
1.82212,2,0.96862041431771817,1.2485447504313314,0.91106186954104085,-0.24854475043133095,0.96862041431771817,0.5
1.82212,3,0.34904498752651159,-0.58939665650367412,0,-0.67879331300734869,-0.19808997505302295,0
1.85354,0,0.96033619973009643,-1.2788447300702617,0,-0.27884473007026123,-0.96033619973009643,0
1.85354,1,0.79912907320705651,1.5993464343860764,0,0.79967321719303808,0.60043546339647191,0
1.85354,2,0.96033619973009643,1.2788447300702617,0.92676983280898984,-0.27884473007026123,0.96033619973009643,0.5
1.85354,3,0.32754577857178641,-0.59494441903833617,0,-0.68988883807667278,-0.15509155714357256,0
1.88496,0,0.95110440511013805,-1.3088695688799583,0,-0.30886956887995776,-0.95110440511013805,0
1.88496,1,0.82439814104027653,1.6180112079990181,0,0.80900560399950894,0.58780092947986196,0
1.88496,2,0.95110440511013805,1.3088695688799583,0.94247779607693882,-0.30886956887995776,0.95110440511013805,0.5
1.88496,3,0.30574073300270954,-0.59913173829418664,0,-0.69826347658837373,-0.11148146600541879,0
1.91637,0,0.94093413962632677,-1.3385896408422222,0,-0.33858964084222176,-0.94093413962632677,0
1.91637,1,0.8499572591137674,1.6362767779733602,0,0.81813838898668001,0.57502137044311652,0
1.91637,2,0.94093413962632677,1.3385896408422222,0.95818575934488781,-0.33858964084222176,0.94093413962632677,0.5
1.91637,3,0.2837158488121499,-0.60194209969663481,0,-0.70388419939327007,-0.067431697624299458,0
1.94779,0,0.92983543845228078,-1.3679756206574774,0,-0.36797562065747691,-0.92983543845228078,0
1.94779,1,0.87580012135691365,1.6541386377383456,0,0.82706931886917268,0.56209993932154334,0
1.94779,2,0.92983543845228078,1.3679756206574774,0.9738937226128368,-0.36797562065747691,0.92983543845228078,0.5
1.94779,3,0.26155799102534016,-0.60336441932296736,0,-0.70672883864593528,-0.023115982050679988,0
1.9792,0,0.91781925286487609,-1.3969985126805409,0,-0.39699851268054037,-0.91781925286487609,0
1.9792,1,0.90192035169235052,1.6715923803285742,0,0.83579619016428697,0.54903982415382491,0
1.9792,2,0.91781925286487609,1.3969985126805409,0.98960168588078579,-0.39699851268054037,0.91781925286487609,0.5
1.9792,3,0.23935454910862675,-0.60339308761677712,0,-0.7067861752335548,0.02129090178274682,0
2.01062,0,0.90489743943843615,-1.4256296795311187,0,-0.42562967953111824,-0.90489743943843615,0
2.01062,1,0.92831150560910092,1.6886336994713116,0,0.84431684973565568,0.53584424719544976,0
2.01062,2,0.90489743943843615,1.4256296795311187,1.0053096491487348,-0.42562967953111824,0.90489743943843615,0.5
2.01062,3,0.21719309230985048,-0.60202799151176845,0,-0.70405598302353756,0.065613815380299326,0
2.04204,0,0.89108274834564816,-1.4538408703507952,0,-0.45384087035079473,-0.89108274834564816,0
2.04204,1,0.95496707175259676,1.7052583906489531,0,0.85262919532447645,0.5225164641237019,0
2.04204,2,0.89108274834564816,1.4538408703507952,1.0210176124166837,-0.45384087035079473,0.89108274834564816,0.5
2.04204,3,0.1951610242896783,-0.59927451487768535,0,-0.69854902975537136,0.10967795142064371,0
2.07345,0,0.87638881077675179,-1.4816042486786345,0,-0.48160424867863388,-0.87638881077675179,0
2.07345,1,0.98188047353119223,1.7214623521363837,0,0.86073117606819172,0.50905976323440416,0
2.07345,2,0.87638881077675179,1.4816042486786345,1.0367255756846325,-0.48160424867863388,0.87638881077675179,0.5
2.07345,3,0.17334523840600222,-0.5951435172866022,0,-0.69028703457320506,0.1533095231879959,0
2.10487,0,0.86083012548941185,-1.5088924199178888,0,-0.50889241991788814,-0.86083012548941185,0
2.10487,1,1.0090450707387726,1.7372415860129746,0,0.8686207930064872,0.49547746463061404,0
2.10487,2,0.86083012548941185,1.5088924199178888,1.0524335389525814,-0.50889241991788814,0.86083012548941185,0.5
2.10487,3,0.15183177501094675,-0.58965129118332282,0,-0.6793025823666462,0.19633644997810687,0
2.13628,0,0.8444220445025481,-1.5356784583667127,0,-0.53567845836671213,-0.8444220445025481,0
2.13628,1,1.0364541611930582,1.752592199148971,0,0.8762960995744854,0.48177291940347128,0
2.13628,2,0.8444220445025481,1.5356784583667127,1.0681415022205303,-0.53567845836671213,0.8444220445025481,0.5
2.13628,3,0.13070548211208757,-0.58281949762880525,0,-0.66563899525761094,0.23858903577582519,0
2.1677,0,0.82718075794823787,-1.5619359337862102,0,-0.56193593378620965,-0.82718075794823787,0
2.1677,1,1.0641009823892,1.7675104041660232,0,0.8837552020830115,0.46794950880540043,0
2.1677,2,0.82718075794823787,1.5619359337862102,1.0838494654884792,-0.56193593378620965,0.82718075794823787,0.5
2.1677,3,0.11004968073621677,-0.57467508087003671,0,-0.64935016174007398,0.2799006385275668,0
2.19911,0,0.80912327809663742,-1.5876389374795998,0,-0.58763893747959917,-0.80912327809663742,0
2.19911,1,1.0919787131682575,1.7819925203716276,0,0.89099626018581368,0.45401064341587172,0
2.19911,2,0.80912327809663742,1.5876389374795998,1.099557428756428,-0.58763893747959917,0.80912327809663742,0.5
2.19911,3,0.089945836315442507,-0.5652501620732916,0,-0.63050032414658375,0.32010832736911532,0
2.23053,0,0.7902674225696863,-1.6127621078567655,0,-0.61276210785676499,-0.7902674225696863,0
2.23053,1,1.1200804754001485,1.7960349746672448,0,0.8980174873336223,0.43995976229992623,0
2.23053,2,0.7902674225696863,1.6127621078567655,1.1152653920243769,-0.61276210785676499,0.7902674225696863,0.5
2.23053,3,0.07047323739166024,-0.55458191263988177,0,-0.60916382527976409,0.35905352521667988,0
2.26195,0,0.77063179676015736,-1.6372806554589689,0,-0.63728065545896839,-0.77063179676015736,0
2.26195,1,1.1483993356806554,1.8096343024298722,0,0.904817151214936,0.42580033215967283,0
2.26195,2,0.77063179676015736,1.6372806554589689,1.1309733552923258,-0.63728065545896839,0.77063179676015736,0.5
2.26195,3,0.051708682906568181,-0.54271240760403683,0,-0.58542481520807432,0.39658263418686401,0
2.29336,0,0.75023577547339981,-1.6611703874190284,0,-0.66117038741902778,-0.75023577547339981,0
2.29336,1,1.176928307042068,1.8227871483668527,0,0.91139357418342626,0.41153584647896663,0
2.29336,2,0.75023577547339981,1.6611703874190284,1.1466813185602747,-0.66117038741902778,0.75023577547339981,0.5
2.29336,3,0.033726179310539714,-0.52968845969110512,0,-0.55937691938221079,0.43254764137892093,0
2.32478,0,0.72909948380988976,-1.6844077313328321,0,-0.6844077313328315,-0.72909948380988976,0
2.32478,1,1.2056603506770422,1.8354902673437088,0,0.91774513367185429,0.39716982466147943,0
2.32478,2,0.72909948380988976,1.6844077313328321,1.1623892818282235,-0.6844077313328315,0.72909948380988976,0.5
2.32478,3,0.016596648684939805,-0.51556143469054072,0,-0.53112286938108211,0.46680670263012075,0
2.35619,0,0.70724377730745203,-1.7069697585186292,0,-0.70696975851862875,-0.70724377730745203,0
2.35619,1,1.2345883776752504,1.8477405251847983,0,0.92387026259239902,0.38270581116237534,0
2.35619,2,0.70724377730745203,1.7069697585186292,1.1780972450961724,-0.70696975851862875,0.70724377730745203,0.5
2.35619,3,0.00038764902903615575,-0.50038704887183783,0,-0.50077409774367632,0.49922470194192803,0
2.38761,0,0.68469022136274671,-1.72883420664115,0,-0.72883420664114951,-0.68469022136274671,0
2.38761,1,1.2637052507723903,1.859534899446593,0,0.92976744972329639,0.36814737461380542,0
2.38761,2,0.68469022136274671,1.72883420664115,1.1938052083641213,-0.72883420664114951,0.68469022136274671,0.5
2.38761,3,-0.014836892185320515,-0.48422514924239168,0,-0.46845029848478403,0.52967378437064139,0
2.41903,0,0.66146106995232656,-1.7499795016782291,0,-0.7499795016782288,-0.66146106995232656,0
2.41903,1,1.2930037861111268,1.8708704801633913,0,0.93543524008169554,0.35349810694443723,0
2.41903,2,0.66146106995232656,1.7499795016782291,1.2095131716320702,-0.7499795016782288,0.66146106995232656,0.5
2.41903,3,-0.029016930140400431,-0.46713947751393953,0,-0.43427895502787972,0.55803386028080126,0
2.45044,0,0.63757924367426,-1.7703847792082605,0,-0.7703847792082601,-0.63757924367426,0
2.45044,1,1.3224767550135277,1.8817444705652786,0,0.94087223528263919,0.33876162249323671,0
2.45044,2,0.63757924367426,1.7703847792082605,1.225221134900019,-0.7703847792082601,0.63757924367426,0.5
2.45044,3,-0.042096539486307906,-0.44919741870848506,0,-0.39839483741697079,0.58419307897261619,0
2.48186,0,0.61306830713198812,-1.7900299049974755,0,-0.79002990499747494,-0.61306830713198812,0
2.48186,1,1.3521168857645594,1.8921541877681605,0,0.94607709388408012,0.32394155711772082,0
2.48186,2,0.61306830713198812,1.7900299049974755,1.2409290981679679,-0.79002990499747494,0.61306830713198812,0.5
2.48186,3,-0.054024134907722496,-0.43046973539519229,0,-0.36093947079038519,0.60804826981544535,0
2.51327,0,0.58795244568273053,-1.8088954948667335,0,-0.80889549486673296,-0.58795244568273053,0
2.51327,1,1.3819168654061991,1.9020970634356968,0,0.95104853171784831,0.30904156729690091,0
2.51327,2,0.58795244568273053,1.8088954948667335,1.2566370614359168,-0.80889549486673296,0.58795244568273053,0.5
2.51327,3,-0.06475267457376406,-0.41103028860640456,0,-0.32206057721280978,0.62950534914752854,0
2.54469,0,0.56225644157338261,-1.8269629338182209,0,-0.82696293381822039,-0.56225644157338261,0
2.54469,1,1.4118693415417241,1.9115706444129745,0,0.95578532220648715,0.29406532922913842,0
2.54469,2,0.56225644157338261,1.8269629338182209,1.2723450247038657,-0.82696293381822039,0.56225644157338261,0.5
2.54469,3,-0.074239845668585866,-0.39095574653348258,0,-0.28191149306696589,0.6484796913371722,0
2.57611,0,0.53600564948745166,-1.8442143944031855,0,-0.8442143944031848,-0.53600564948745166,0
2.57611,1,1.4419669241497308,1.9205725933317614,0,0.96028629666588061,0.27901653792513509,0
2.57611,2,0.53600564948745166,1.8442143944031855,1.2880529879718146,-0.8442143944031848,0.53600564948745166,0.5
2.57611,3,-0.082448231270972408,-0.3703252821513493,0,-0.24065056430269935,0.66489646254194534,0
2.60752,0,0.50922597152716054,-1.8606328543125819,0,-0.86063285431258107,-0.50922597152716054,0
2.60752,1,1.4722021874074369,1.9291006891871936,0,0.96455034459359668,0.26389890629628204,0
2.60752,2,0.50922597152716054,1.8606328543125819,1.3037609512397634,-0.86063285431258107,0.50922597152716054,0.5
2.60752,3,-0.089345457924777355,-0.34922026096429576,0,-0.19844052192859227,0.67869091584955521,0
2.63894,0,0.48194383165540339,-1.8762021131732738,0,-0.87620211317327301,-0.48194383165540339,0
2.63894,1,1.5025676715228171,1.9371528278857524,0,0.96857641394287608,0.24871616423859197,0
2.63894,2,0.48194383165540339,1.8762021131732738,1.3194689145077123,-0.87620211317327301,0.48194383165540339,0.5
2.63894,3,-0.09490432331819125,-0.32772392010456242,0,-0.15544784020912555,0.68980864663638297,0
2.67035,0,0.45418614962277293,-1.8909068085332172,0,-0.89090680853321635,-0.45418614962277293,0
2.67035,1,1.533055884575119,1.9447270227643969,0,0.97236351138219834,0.23347205771244103,0
2.67035,2,0.45418614962277293,1.8909068085332172,1.3351768777756612,-0.89090680853321635,0.45418614962277293,0.5
2.67035,3,-0.099102903568278486,-0.30592104004931481,0,-0.11184208009863036,0.69820580713655744,0
2.70177,0,0.42598031440538553,-1.9047324310198521,0,-0.90473243101985124,-0.42598031440538553,0
2.70177,1,1.5636593043633067,1.9518214050807225,0,0.97591070254036116,0.21817034781834718,0
2.70177,2,0.42598031440538553,1.9047324310198521,1.3508848410436101,-0.90473243101985124,0.42598031440538553,0.5
2.70177,3,-0.10192463968765871,-0.28389761025074528,0,-0.067795220501491255,0.70384927937531783,0
2.73319,0,0.3973541571797134,-1.917665338656747,0,-0.91766533865674615,-0.3973541571797134,0
2.73319,1,1.5943703802619751,1.9584342244740274,0,0.97921711223701358,0.20281480986901301,0
2.73319,2,0.3973541571797134,1.917665338656747,1.3665928043115589,-0.91766533865674615,0.3973541571797134,0.5
2.73319,3,-0.10335840289231246,-0.26174048999803834,0,-0.023480979996077324,0.70671680578462537,0
2.7646,0,0.36833592386109038,-1.9296927703243689,0,-0.92969277032436792,-0.36833592386109038,0
2.7646,1,1.6251815350842767,1.9645638493971684,0,0.98228192469858411,0.1874092324578622,0
2.7646,2,0.36833592386109038,1.9296927703243689,1.3823007675795078,-0.92969277032436792,0.36833592386109038,0.5
2.7646,3,-0.10339853849294048,-0.23953706584874329,0,0.020925868302512765,0.70679707698588146,0
2.79602,0,0.33895424723298767,-1.9408028583516961,0,-0.94080285835169508,-0.33895424723298767,0
2.79602,1,1.6560851669514027,1.9702087675191062,0,0.985104383759553,0.17195741652429913,0
2.79602,2,0.33895424723298767,1.9408028583516961,1.3980087308474567,-0.94080285835169508,0.33895424723298767,0.5
2.79602,3,-0.10204488819677122,-0.2173749069806272,0,0.065250186038744967,0.70408977639354298,0
2.82743,0,0.30923811869456025,-1.950984640226251,0,-0.95098464022624996,-0.30923811869456025,0
2.82743,1,1.6870736511681557,1.9753675860980333,0,0.98768379304901655,0.15646317441592261,0
2.82743,2,0.30923811869456025,1.950984640226251,1.4137166941154056,-0.95098464022624996,0.30923811869456025,0.5
2.82743,3,-0.099302790731859561,-0.19534141982328279,0,0.10931716035343379,0.69860558146371965,0
2.85885,0,0.27921685965434118,-1.9602280694109973,0,-0.96022806941099625,-0.27921685965434118,0
2.85885,1,1.7181393421041513,1.9800390323249992,0,0.9900195161624995,0.14093032894792482,0
2.85885,2,0.27921685965434118,1.9602280694109973,1.4294246573833544,-0.96022806941099625,0.27921685965434118,0.5
2.85885,3,-0.095183060791414267,-0.1735235033316071,0,0.15295299333678522,0.69036612158282906,0
2.89027,0,0.24892009259830994,-1.9685240252574283,0,-0.96852402525742742,-0.24892009259830994,0
2.89027,1,1.7492745750801859,1.984221953637944,0,0.99211097681897187,0.12536271245990754,0
2.89027,2,0.24892009259830994,1.9685240252574283,1.4451326206513033,-0.96852402525742742,0.24892009259830994,0.5
2.89027,3,-0.089701946381197051,-0.15200720626073438,0,0.19598558747853062,0.67940389276239466,0
2.92168,0,0.2183777118608827,-1.9758643220050665,0,-0.97586432200506557,-0.2183777118608827,0
2.92168,1,1.7804716682593034,1.9879153180060631,0,0.99395765900303146,0.10976416587034878,0
2.92168,2,0.2183777118608827,1.9758643220050665,1.4608405839192522,-0.97586432200506557,0.2183777118608827,0.5
2.92168,3,-0.082881064738212523,-0.13087738779411398,0,0.23824522441177143,0.66576212947642566,0
2.9531,0,0.18761985412766491,-1.9822417168584912,0,-0.98224171685849038,-0.18761985412766491,0
2.9531,1,1.8117229245420963,1.9911182141844364,0,0.99555910709221807,0.094138537728952379,0
2.9531,2,0.18761985412766491,1.9822417168584912,1.4765485471872011,-0.98224171685849038,0.18761985412766491,0.5
2.9531,3,-0.074747317073422859,-0.11021738286319818,0,0.27956523427360302,0.64949463414684627,0
2.98451,0,0.15667686869907205,-1.9876499171339288,0,-0.98764991713392791,-0.15667686869907205,0
2.98451,1,1.8430206334657708,1.993829851938854,0,0.99691492596942688,0.078489683267115154,0
2.98451,2,0.15667686869907205,1.9876499171339288,1.49225651045515,-0.98764991713392791,0.15667686869907205,0.5
2.98451,3,-0.065332782474737228,-0.090108673478702939,0,0.31978265304259351,0.63066556494947501,0
3.01593,0,0.12557928754415956,-1.9920835864683499,0,-0.99208358646834904,-0.12557928754415956,0
3.01593,1,1.8743570731065107,1.996049562240787,0,0.99802478112039339,0.062821463446745274,0
3.01593,2,0.12557928754415956,1.9920835864683499,1.5079644737230988,-0.99208358646834904,0.12557928754415956,0.5
3.01593,3,-0.054674591388717511,-0.070630567369693614,0,0.35873886526061216,0.60934918277743555,0
3.04734,0,0.094357795174210765,-1.99553835008495,0,-0.99553835008494906,-0.094357795174210765,0
3.04734,1,1.9057245119846675,1.9977767974324536,0,0.9988883987162267,0.047137744007666876,0
3.04734,2,0.094357795174210765,1.99553835008495,1.5236724369910477,-0.99553835008494906,0.094357795174210765,0.5
3.04734,3,-0.042814779179981839,-0.051859885197927447,0,0.3962802296041445,0.58562955835996422,0
3.07876,0,0.063043198365808503,-1.9980107991098153,0,-0.99801079910981438,-0.063043198365808517,0
3.07876,1,1.9371152109723095,1.9990111313619399,0,0.99950556568096982,0.031442394513845839,0
3.07876,2,0.063043198365808503,1.9980107991098153,1.5393804002589966,-0.99801079910981438,0.063043198365808517,0.5
3.07876,3,-0.029800120345860312,-0.033870657581063002,0,0.43225868483787339,0.55960024069172121,0
3.11018,0,0.031666395763265742,-1.9994984939355172,0,-0.99949849393551626,-0.031666395763265756,0
3.11018,1,1.9685214252026573,1.9997522594883417,0,0.99987612974417073,0.01573928739867202,0
3.11018,2,0.031666395763265742,1.9994984939355172,1.5550883635269455,-0.99949849393551626,0.031666395763265756,0.5
3.11018,3,-0.015681944040151875,-0.016733833119662079,0,0.46653233376067521,0.53136388808030433,0
3.14159,0,0.00025834739040860727,-1.9999999666283137,0,-0.99999996662831292,-0.00025834739040862115,0
3.14159,1,1.9999354059809342,1.9999999989569031,0,0.99999999947845142,3.2297009533565485e-05,0
3.14159,2,0.00025834739040860727,1.9999999666283137,1.5707963267948943,-0.99999996662831292,0.00025834739040862115,0.5
3.14159,3,-0.00051593163354727613,-0.00051699857951055181,0,0.49896600284097825,0.50103186326709515,0
3.17301,0,-0.031149955898204726,-1.9995147223765855,0,-0.99951472237658456,0.031149955898204712,0
3.17301,1,2.0313494026961636,1.9997542886441309,0,0.99987714432206531,-0.015674701348081042,0
3.17301,2,-0.031149955898204726,1.9995147223765855,1.5865042900628432,-0.99951472237658456,-0.031149955898204712,0.5
3.17301,3,0.015638102890870476,0.014715887667155101,0,0.52943177533430952,0.46872379421825966,0
3.20442,0,-0.062527522996486368,-1.9980432399790735,0,-0.99804323997907274,0.062527522996486368,0
3.20442,1,2.062755664733436,1.9990151891728749,0,0.99950759458643734,-0.03137783236671729,0
3.20442,2,-0.062527522996486368,1.9980432399790735,1.6022122533307921,-0.99804323997907274,-0.062527522996486368,0.5
3.20442,3,0.032716448840939133,0.02890474789022128,0,0.55780949578044192,0.43456710231812234,0
3.23584,0,-0.09384339312626927,-1.9955869713724417,0,-0.99558697137244101,0.093843393126269284,0
3.23584,1,2.0941464433861805,1.9977828828973716,0,0.99889144144868569,-0.047073221693089459,0
3.23584,2,-0.09384339312626927,1.9955869713724417,1.617920216598741,-0.99558697137244101,-0.093843393126269284,0.5
3.23584,3,0.050651750087153072,0.041993621945215193,0,0.58398724389042977,0.39869649982569444,0
3.26726,0,-0.12506666638683267,-1.9921483401986253,0,-0.99214834019862463,0.12506666638683267,0
3.26726,1,2.1255139937679615,1.9960576738582523,0,0.99802883692912603,-0.06275699688398001,0
3.26726,2,-0.12506666638683267,1.9921483401986253,1.6336281798666898,-0.99214834019862463,-0.12506666638683267,0.5
3.26726,3,0.069373270711818952,0.05393088797727405,0,0.60786177595454749,0.36125345857636265,0
3.29867,0,-0.15616653424435867,-1.9877307394133827,0,-0.98773073941338219,0.15616653424435867,0
3.29867,1,2.156850576723337,1.9938399877075286,0,0.99691999385376417,-0.078425288361667705,0
3.29867,2,-0.15616653424435867,1.9877307394133827,1.6493361431346387,-0.98773073941338219,-0.15616653424435867,0.5
3.29867,3,0.088807173987924454,0.064669466015120233,0,0.62933893203023983,0.32238565202415165,0
3.33009,0,-0.18711230993123573,-1.9823385279384085,0,-0.98233852793840792,0.18711230993123573,0
3.33009,1,2.188148460737299,1.991130371603574,0,0.99556518580178688,-0.094074230368648759,0
3.33009,2,-0.18711230993123573,1.9823385279384085,1.6650441064025876,-0.98233852793840792,-0.18711230993123573,0.5
3.33009,3,0.10887681358744153,0.074167003652078164,0,0.64833400730415569,0.2822463728251175,0
3.3615,0,-0.21787345872521313,-1.9759770263603109,0,-0.97597702636031036,0.21787345872521313,0
3.3615,1,2.2193999238428321,1.9879294940761256,0,0.9939647470380627,-0.10969996192141543,0
3.3615,2,-0.21787345872521313,1.9759770263603109,1.6807520696705365,-0.97597702636031036,-0.21787345872521313,0.5
3.3615,3,0.12950303587055351,0.082386043081816365,0,0.66477208616363215,0.24099392825889354,0
3.39292,0,-0.24841962807852988,-1.9686525116806992,0,-0.96865251168069866,0.24841962807852988,0
3.39292,1,2.2505972555261149,1.9842381448613422,0,0.99211907243067099,-0.12529862776305675,0
3.39292,2,-0.24841962807852988,1.9686525116806992,1.6964600329384854,-0.96865251168069866,-0.24841962807852988,0.5
3.39292,3,0.15060449206359255,0.089294168830034243,0,0.67858833766006788,0.19879101587281547,0
3.42434,0,-0.27872067756728891,-1.9603722111225592,0,-0.96037221112255877,0.27872067756728891,0
3.42434,1,2.2817327586288942,1.9800572347069554,0,0.99002861735347758,-0.1408663793144464,0
3.42434,2,-0.27872067756728891,1.9603722111225592,1.7121679962064342,-0.96037221112255877,-0.27872067756728891,0.5
3.42434,3,0.17209795909447362,0.09486413559944723,0,0.68972827119889391,0.15580408181105335,0
3.45575,0,-0.30874670863152498,-1.9511442949990303,0,-0.95114429499902986,0.30874670863152498,0
3.45575,1,2.3127987512475672,1.9753877951475665,0,0.98769389757378312,-0.15639937562378292,0
3.45575,2,-0.30874670863152498,1.9511442949990303,1.7278759594743831,-0.95114429499902986,-0.30874670863152498,0.5
3.45575,3,0.19389866782026627,0.099073975723856303,0,0.69814795144771202,0.11220266435946805,0
3.48717,0,-0.33846809407662148,-1.9409778686516179,0,-0.94097786865161748,0.33846809407662148,0
3.48717,1,2.3437875686284979,1.970230978250141,0,0.98511548912507041,-0.17189378431424818,0
3.48717,2,-0.33846809407662148,1.9409778686516179,1.743583922742332,-0.94097786865161748,-0.33846809407662148,0.5
3.48717,3,0.21592063735239136,0.10190708580750835,0,0.70381417161501614,0.068158725295217881,0
3.51858,0,-0.36785550730696631,-1.929882963465799,0,-0.92988296346579868,0.36785550730696631,0
3.51858,1,2.3746915650591016,1.9645880563297649,0,0.98229402816488232,-0.18734578252955006,0
3.51858,2,-0.36785550730696631,1.929882963465799,1.7592918860102809,-0.92988296346579868,-0.36785550730696631,0.5
3.51858,3,0.23807701416088109,0.10335229220804618,0,0.70670458441609174,0.023845971678238452,0
3.55,0,-0.39687995126300163,-1.917870526972884,0,-0.91787052697288352,0.39687995126300163,0
3.55,1,2.4055031157542341,1.9584604216357324,0,0.9792302108178661,-0.20275155787711635,0
3.55,2,-0.39687995126300163,1.917870526972884,1.7749998492782297,-0.91787052697288352,-0.39687995126300163,0.5
3.55,3,0.26028041462029233,0.10340389510478683,0,0.70680779020957307,-0.020560829240584076,0
3.58142,0,-0.4255127870331149,-1.9049524120479007,0,-0.90495241204790011,0.4255127870331149,0
3.58142,1,2.4362146187374152,1.9518495860080445,0,0.97592479300402213,-0.21810730936870676,0
3.58142,2,-0.4255127870331149,1.9049524120479007,1.7907078125461786,-0.90495241204790011,-0.4255127870331149,0.5
3.58142,3,0.2824432696462898,0.10206169097852501,0,0.70412338195704938,-0.064886539292579051,0
3.61283,0,-0.45372576211213911,-1.8911413652141622,0,-0.89114136521416176,0.45372576211213911,0
3.61283,1,2.4668184967164244,1.9447571805043993,0,0.97237859025219953,-0.23340924835821147,0
3.61283,2,-0.45372576211213911,1.8911413652141622,1.8064157758141275,-0.89114136521416176,-0.45372576211213911,0.5
3.61283,3,0.3044781700636694,0.099330973414202467,0,0.69866194682840432,-0.10895634012733829,0
3.64425,0,-0.48149103827857931,-1.876451014066056,0,-0.87645101406605563,0.48149103827857931,0
3.64425,1,2.4973071989528099,1.9371849549977702,0,0.968592477498885,-0.24865359947640434,0
3.64425,2,-0.48149103827857931,1.876451014066056,1.8221237390820764,-0.87645101406605563,-0.48149103827857931,0.5
3.64425,3,0.32629821134370829,0.095222512223277739,0,0.69044502444655487,-0.15259642268741608,0
3.67566,0,-0.5087812190630584,-1.8608958538224647,0,-0.86089585382246425,0.5087812190630584,0
3.67566,1,2.5276732031248423,1.9291347777446686,0,0.96456738887233417,-0.26383660156242045,0
3.67566,2,-0.5087812190630584,1.8608958538224647,1.8378317023500252,-0.86089585382246425,-0.5087812190630584,0.5
3.67566,3,0.3478173363512147,0.089752510968136426,0,0.67950502193627227,-0.19563467270242896,0
3.70708,0,-0.53556937678087857,-1.8444912330240875,0,-0.84449123302408702,0.53556937678087857,0
3.70708,1,2.5579090171834578,1.920608634924198,0,0.96030431746209888,-0.27895450859172821,0
3.70708,2,-0.53556937678087857,1.8444912330240875,1.8535396656179741,-0.84449123302408702,-0.53556937678087857,0.5
3.70708,3,0.36895067474950083,0.082942543056063647,0,0.66588508611212671,-0.23790134949900124,0
3.7385,0,-0.56182907910202484,-1.8272533383887748,0,-0.82725333838877446,0.56182907910202484,0
3.7385,1,2.588007181200735,1.9116086301480146,0,0.9558043150740072,-0.29400359060036674,0
3.7385,2,-0.56182907910202484,1.8272533383887748,1.869247628885923,-0.82725333838877446,-0.56182907910202484,0.5
3.7385,3,0.38961487772468256,0.074819466654820851,0,0.64963893330964118,-0.27922975544936468,0
3.76991,0,-0.58753441513239424,-1.809199178839819,0,-0.80919917883981873,0.58753441513239424,0
3.76991,1,2.6179602692104433,1.9021369839413143,0,0.95106849197065702,-0.30898013460522089,0
3.76991,2,-0.58753441513239424,1.809199178839819,1.8849555921538719,-0.80919917883981873,-0.58753441513239424,0.5
3.76991,3,0.40972844670917041,0.065415318765395483,0,0.63083063753079038,-0.31945689341834044,0
3.80133,0,-0.61266002098051431,-1.7903465687229607,0,-0.7903465687229605,0.61266002098051431,0
3.80133,1,2.6477608910402148,1.8921960331949728,0,0.94609801659748627,-0.32388044552010659,0
3.80133,2,-0.61266002098051431,1.7903465687229607,1.9006635554218207,-0.7903465687229605,-0.61266002098051431,0.5
3.80133,3,0.42921205480788338,0.054767188869695331,0,0.60953437773939012,-0.35842410961576632,0
3.83274,0,-0.63718110478452605,-1.7707141102286714,0,-0.77071411022867131,0.63718110478452605,0
3.83274,1,2.6774016941348826,1.8817882305889775,0,0.94089411529448863,-0.33870084706744052,0
3.83274,2,-0.63718110478452605,1.7707141102286714,1.9163715186897696,-0.77071411022867131,-0.63718110478452605,0.5
3.83274,3,0.44798885965949609,0.042917072651514634,0,0.58583414530302869,-0.39597771931899178,0
3.86416,0,-0.66107347117473436,-1.7503211750370566,0,-0.75032117503705664,0.66107347117473436,0
3.86416,1,2.7068753653705402,1.8709161439872897,0,0.93545807199364472,-0.35343768268526937,0
3.86416,2,-0.66107347117473436,1.7503211750370566,1.9320794819577185,-0.75032117503705664,-0.66107347117473436,0.5
3.86416,3,0.46598480649881147,0.029911706367688917,0,0.55982341273537728,-0.4319696129976226,0
3.89557,0,-0.68431354514759057,-1.7291878852034901,0,-0.72918788520349009,0.68431354514759057,0
3.89557,1,2.7361746328588707,1.859582455804289,0,0.92979122790214441,-0.36808731642943465,0
3.89557,2,-0.68431354514759057,1.7291878852034901,1.9477874452256674,-0.72918788520349009,-0.68431354514759057,0.5
3.89557,3,0.48312892022499543,0.01580238252267047,0,0.53160476504534038,-0.46625784044999058,0
3.92699,0,-0.70687839532754837,-1.70733509330384,0,-0.70733509330383992,0.70687839532754837,0
3.92699,1,2.7652922677413025,1.8477899623429548,0,0.92389498117147728,-0.38264613387065066,0
3.92699,2,-0.70687839532754837,1.70733509330384,1.9634954084936163,-0.70733509330383992,-0.70687839532754837,0.5
3.92699,3,0.49935358532377183,0.00064474757349443704,0,0.50128949514698828,-0.49870717064754344,0
3.95841,0,-0.72874575659384144,-1.6847843618588785,0,-0.68478436185887837,0.72874575659384144,0
3.95841,1,2.7942210859725494,1.8355415731049483,0,0.91777078655247402,-0.39711054298627407,0
3.95841,2,-0.72874575659384144,1.6847843618588785,1.9792033717615651,-0.68478436185887837,-0.72874575659384144,0.5
3.95841,3,0.51459481253957851,-0.015501417537023013,0,0.46899716492595339,-0.52918962507915679,0
3.98982,0,-0.74989405204985626,-1.6615579420581761,0,-0.66155794205817608,0.74989405204985626,0
3.98982,1,2.8229539500930922,1.8228403100727668,0,0.91142015503638329,-0.41147697504654546,0
3.98982,2,-0.74989405204985626,1.6615579420581761,1.994911335029514,-0.66155794205817608,-0.74989405204985626,0.5
3.98982,3,0.52879249124594285,-0.032572433153288602,0,0.43485513369342221,-0.55758498249188559,0
4.02124,0,-0.77030241431342228,-1.637678751804476,0,-0.63767875180447586,0.77030241431342228,0
4.02124,1,2.8514837709901686,1.8096893069641449,0,0.90484465348207233,-0.42574188549508357,0
4.02124,2,-0.77030241431342228,1.637678751804476,2.0106192982974629,-0.63767875180447586,-0.77030241431342228,0.5
4.02124,3,0.54189062651874176,-0.050500972056261119,0,0.39899805588747717,-0.58378125303748329,0
4.05265,0,-0.7899507061070119,-1.6131703531002091,0,-0.61317035310020895,0.7899507061070119,0
4.05265,1,2.8798035096468331,1.7960918084588882,0,0.89804590422944397,-0.43990175482341581,0
4.05265,2,-0.7899507061070119,1.6131703531002091,2.0263272615654118,-0.61317035310020895,-0.7899507061070119,0.5
4.05265,3,0.55383755997733941,-0.069216324998585696,0,0.36156735000282803,-0.60767511995467849,0
4.08407,0,-0.80881954012753443,-1.5880569287984672,0,-0.58805692879846694,0.80881954012753443,0
4.08407,1,2.9079061788786582,1.7820511693983307,0,0.89102558469916526,-0.45395308943932849,0
4.08407,2,-0.80881954012753443,1.5880569287984672,2.0420352248333606,-0.58805692879846694,-0.80881954012753443,0.5
4.08407,3,0.56458617352261864,-0.088644679578276098,0,0.32271064084344725,-0.62917234704523695,0
4.11549,0,-0.82689029817611714,-1.5623632587413707,0,-0.56236325874137039,0.82689029817611714,0
4.11549,1,2.9357848450576469,1.7675708539576114,0,0.88378542697880558,-0.46789242252882296,0
4.11549,2,-0.82689029817611714,1.5623632587413707,2.0577431881013095,-0.56236325874137039,-0.82689029817611714,0.5
4.11549,3,0.57409407516837196,-0.10870941135108127,0,0.28258117729783688,-0.6481881503367436,0
4.1469,0,-0.844145149528998,-1.5361146953093781,0,-0.53611469530937783,0.844145149528998,0
4.1469,1,2.9634326298229308,1.752654434790976,0,0.87632721739548791,-0.48171631491146494,0
4.1469,2,-0.844145149528998,1.5361146953093781,2.0734511513692584,-0.53611469530937783,-0.844145149528998,0.5
4.1469,3,0.58232376623314341,-0.12933138603340397,0,0.24133722793319148,-0.66464753246628638,0
4.17832,0,-0.86056706853140374,-1.5093371384056615,0,-0.50933713840566119,0.86056706853140374,0
4.17832,1,2.9908427117778329,1.7373055921503144,0,0.86865279607515711,-0.49542135588891595,0
4.17832,2,-0.86056706853140374,1.5093371384056615,2.0891591146372073,-0.50933713840566119,-0.86056706853140374,0.5
4.17832,3,0.58924278923312434,-0.15042927160389824,0,0.19914145679220291,-0.67848557846624835,0
4.20973,0,-0.8761398513970523,-1.4820570099002326,0,-0.4820570099002322,0.8761398513970523,0
4.20973,1,3.018008328172876,1.7215281129771511,0,0.86076405648857546,-0.50900416408643745,0
4.20973,2,-0.8761398513970523,1.4820570099002326,2.1048670779051561,-0.4820570099002322,-0.8761398513970523,0.5
4.20973,3,0.5948238558928225,-0.17191985907283314,0,0.15616028185433312,-0.68964771178564477,0
4.24115,0,-0.89084813219670389,-1.4543012275590346,0,-0.45430122755903429,0.89084813219670389,0
4.24115,1,3.0449227765743214,1.7053258899683119,0,0.85266294498415585,-0.52246138828716027,0
4.24115,2,-0.89084813219670389,1.4543012275590346,2.120575041173105,-0.45430122755903429,-0.89084813219670389,0.5
4.24115,3,0.59904495476863506,-0.19371839065412436,0,0.11256321869175068,-0.6980899095372699,0
4.27257,0,-0.90467739801998437,-1.4260971784837262,0,-0.42609717848372597,0.90467739801998437,0
4.27257,1,3.0715794165178267,1.6887029206154995,0,0.84435146030774966,-0.53578970825891303,0
4.27257,2,-0.90467739801998437,1.4260971784837262,2.1362830044410539,-0.42609717848372597,-0.90467739801998437,0.5
4.27257,3,0.60188943806086481,-0.21573889404574015,0,0.068522211908519093,-0.7037788761217294,0
4.30398,0,-0.91761400329552023,-1.3974726920883629,0,-0.39747269208836278,0.91761400329552023,0
4.30398,1,3.097971671146813,1.671663306219012,0,0.83583165310950591,-0.54898583557340619,0
4.30398,2,-0.91761400329552023,1.3974726920883629,2.1519909677090028,-0.39747269208836278,-0.91761400329552023,0.5
4.30398,3,0.60334608727179728,-0.23789452150009643,0,0.0242109569998065,-0.70669217454359434,0
4.3354,0,-0.92964518325525547,-1.3684560126396421,0,-0.36845601263964189,0.92964518325525547,0
4.3354,1,3.124093028835139,1.6542112508758509,0,0.82710562543792532,-0.56204651441756925,0
4.3354,2,-0.92964518325525547,1.3684560126396421,2.1676989309769517,-0.36845601263964189,-0.92964518325525547,0.5
4.3354,3,0.60340915745088619,-0.26009789234716479,0,-0.020195784694330268,-0.70681831490177216,0
4.36681,0,-0.94075906652966501,-1.339075771387805,0,-0.3390757713878047,0.94075906652966501,0
4.36681,1,3.1499370447936816,1.6363510604424645,0,0.81817553022123213,-0.5749685223968406,0
4.36681,2,-0.94075906652966501,1.339075771387805,2.1834068942449005,-0.3390757713878047,-0.94075906652966501,0.5
4.36681,3,0.60207839985254674,-0.28226143761939954,0,-0.06452287523879971,-0.70415679970509326,0
4.39823,0,-0.95094468686143652,-1.3093609583156964,0,-0.3093609583156961,0.95094468686143652,0
4.39823,1,3.1754973426604258,1.6180871414723872,0,0.80904357073619348,-0.58774867133021269,0
4.39823,2,-0.95094468686143652,1.3093609583156964,2.1991148575128494,-0.3093609583156961,-0.95094468686143652,0.5
4.39823,3,0.59935906291719554,-0.30429774541930038,0,-0.10859549083860143,-0.69871812583439097,0
4.42965,0,-0.9601919939260628,-1.2793408935338564,0,-0.27934089353385616,0.9601919939260628,0
4.42965,1,3.2007676160736716,1.5994240001290325,0,0.79971200006451615,-0.60038380803683555,0
4.42965,2,-0.9601919939260628,1.2793408935338564,2.2148228207807983,-0.27934089353385616,-0.9601919939260628,0.5
4.42965,3,0.59526187157166821,-0.32611990566749927,0,-0.15223981133499925,-0.69052374314333642,0
4.46106,0,-0.96849186324866743,-1.2490451983498696,0,-0.24904519834986938,0.96849186324866743,0
4.46106,1,3.2257416302279709,1.5803662410739101,0,0.79018312053695494,-0.61287081511398511,0
4.46106,2,-0.96849186324866743,1.2490451983498696,2.2305307840487472,-0.24904519834986938,-0.96849186324866743,0.5
4.46106,3,0.5898029849306522,-0.34764185287170163,0,-0.19528370574340398,-0.67960596986130439,0
4.49248,0,-0.97583610520727926,-1.2185037660405178,0,-0.21850376604051752,0.97583610520727926,0
4.49248,1,3.2504132234124086,1.5609185663305418,0,0.7804592831652708,-0.62520661170620395,0
4.49248,2,-0.97583610520727926,1.2185037660405178,2.246238747316696,-0.21850376604051752,-0.97583610520727926,0.5
4.49248,3,0.58300393256595873,-0.36877870556461911,0,-0.23755741112923892,-0.66600786513191745,0
4.52389,0,-0.98221747311367102,-1.1877467323555764,0,-0.18774673235557601,0.98221747311367102,0
4.52389,1,3.2747763085308503,1.5410857741243549,0,0.77054288706217733,-0.63738815426542494,0
4.52389,2,-0.98221747311367102,1.1877467323555764,2.2619467105846449,-0.18774673235557601,-0.98221747311367102,0.5
4.52389,3,0.57489152959498446,-0.3894471010721679,0,-0.27889420214433652,-0.64978305918996881,0
4.55531,0,-0.98762967036379024,-1.1568044457823583,0,-0.15680444578235786,0.98762967036379024,0
4.55531,1,3.2988248746037812,1.5208727576988406,0,0.76043637884942017,-0.64941243730189036,0
4.55531,2,-0.98762967036379024,1.1568044457823583,2.2776546738525938,-0.15680444578235786,-0.98762967036379024,0.5
4.55531,3,0.5654977709232496,-0.40956552429162379,0,-0.31913104858324831,-0.63099554184649909,0
4.58673,0,-0.99206735665072487,-1.1257074376003464,0,-0.12570743760034608,0.99206735665072487,0
4.58673,1,3.3225529882513629,1.5002845041082691,0,0.75014225205413443,-0.66127649412568124,0
4.58673,2,-0.99206735665072487,1.1257074376003464,2.2933626371205427,-0.12570743760034608,-0.99206735665072487,0.5
4.58673,3,0.55485970505811477,-0.42905462918304937,0,-0.35810925836609953,-0.60971941011622943,0
4.61814,0,-0.9955261532340749,-1.0944863917554621,0,-0.09448639175546189,0.9955261532340749,0
4.61814,1,3.345954795157347,1.4793260929872591,0,0.73966304649362946,-0.67297739757867325,0
4.61814,2,-0.9955261532340749,1.0944863917554621,2.3090706003884915,-0.09448639175546189,-0.9955261532340749,0.5
4.61814,3,0.54301928799134846,-0.44783755170604794,0,-0.39567510341209666,-0.58603857598269693,0
4.64956,0,-0.99800264726053001,-1.0631721145836945,0,-0.063172114583694261,0.99800264726053001,0
4.64956,1,3.36902452151348,1.4580026952975058,0,0.7290013476487528,-0.68451226075673977,0
4.64956,2,-0.99800264726053001,1.0631721145836945,2.3247785636564404,-0.063172114583694261,-0.99800264726053001,0.5
4.64956,3,0.53002321772682548,-0.46584021296763695,0,-0.43168042593527473,-0.56004643545365096,0
4.68097,0,-0.99949439513138982,-1.0317955044139655,0,-0.031795504413965281,0.99949439513138982,0
4.68097,1,3.3917564754440463,1.4363195720519757,0,0.71815978602598773,-0.69587823772202284,0
4.68097,2,-0.99949439513138982,1.0317955044139655,2.3404865269243893,-0.031795504413965281,-0.99949439513138982,0.5
4.68097,3,0.51592275010596977,-0.48299161138564173,0,-0.46598322277128429,-0.53184550021193966,0
4.71239,0,-0.99999992491370404,-1.0003875210802247,0,-0.00038752108022434978,0.99999992491370404,0
4.71239,1,3.4141450484101945,1.4142820730168835,0,0.70714103650844162,-0.70707252420509692,0
4.71239,2,-0.99999992491370404,1.0003875210802247,2.3561944901923382,-0.00038752108022434978,-0.99999992491370404,0.5
4.71239,3,0.50077349665731796,-0.49922410271533135,0,-0.49844820543066359,-0.50154699331463615,0
4.7438,0,-0.99951873779265377,-0.96897915537285473,0,0.031020844627145557,0.99951873779265377,0
4.7438,1,3.4361847165937047,1.391895635391772,0,0.69594781769588587,-0.71809235829685203,0
4.7438,2,-0.99951873779265377,0.96897915537285473,2.3719024534602871,0.031020844627145557,-0.99951873779265377,0.5
4.7438,3,0.48463520526747367,-0.51447366683488616,0,-0.52894733366977331,-0.46927041053494756,0
4.77522,0,-0.9980513085637408,-0.93760139845953339,0,0.062398601540466919,0.9980513085637408,0
4.77522,1,3.457870042259851,1.3691657824680197,0,0.68458289123400973,-0.72893502112992525,0
4.77522,2,-0.9980513085637408,0.93760139845953339,2.3876104167282359,0.062398601540466919,-0.9980513085637408,0.5
4.77522,3,0.4675715245384755,-0.52868016023750852,0,-0.55736032047501805,-0.43514304907695117,0
4.80664,0,-0.9955990851642984,-0.90628521130572137,0,0.093714788694278961,0.9955990851642984,0
4.80664,1,3.4791956750990267,1.346098122266107,0,0.67304906113305341,-0.73959783754951314,0
4.80664,2,-0.9955990851642984,0.90628521130572137,2.4033183799961848,0.093714788694278961,-0.9955990851642984,0.5
4.80664,3,0.44964975276094155,-0.54178755323436056,0,-0.58357510646872202,-0.39929950552188331,0
4.83805,0,-0.99216448724478734,-0.87506149412495249,0,0.1249385058750479,0.99216448724478734,0
4.83805,1,3.5001563535467981,1.3226983461519781,0,0.66134917307598895,-0.75007817677339894,0
4.83805,2,-0.99216448724478734,0.87506149412495249,2.4190263432641337,0.1249385058750479,-0.99216448724478734,0.5
4.83805,3,0.43094057249302753,-0.55374415093281282,0,-0.60748830186562641,-0.36188114498605523,0
4.86947,0,-0.98775090378128561,-0.84396105588906811,0,0.15603894411093228,0.98775090378128561,0
4.86947,1,3.5207469060820644,1.2989722274328395,0,0.64948611371641962,-0.76037345304103221,0
4.86947,2,-0.98775090378128561,0.84396105588906811,2.4347343065320826,0.15603894411093228,-0.98775090378128561,0.5
4.86947,3,0.4115177717920051,-0.56450279711847662,0,-0.62900559423695412,-0.32303554358401032,0
4.90088,0,-0.98236268973152796,-0.81301458392848192,0,0.1869854160715185,0.98236268973152796,0
4.90088,1,3.5409622525030002,1.274925619932741,0,0.63746280996637039,-0.77048112625150011,0
4.90088,2,-0.98236268973152796,0.81301458392848192,2.4504422698000314,0.1869854160715185,-0.98236268973152796,0.5
4.90088,3,0.39145795319790977,-0.57402106023692023,0,-0.64804212047384124,-0.28291590639581965,0
4.9323,0,-0.9760051617377955,-0.78225261365246967,0,0.21774738634753077,0.9760051617377955,0
4.9323,1,3.5607974051804669,1.2505644565482921,0,0.62528222827414592,-0.78039870259023358,0
4.9323,2,-0.9760051617377955,0.78225261365246967,2.4661502330679803,0.21774738634753077,-0.9760051617377955,0.5
4.9323,3,0.37084023161701135,-0.58226140074156518,0,-0.66452280148313114,-0.24168046323402281,0
4.96372,0,-0.96868459288089426,-0.75170549841936263,0,0.24829450158063784,0.96868459288089426,0
4.96372,1,3.5802474702885867,1.2258947477848685,0,0.61294737389243414,-0.79012373514429346,0
4.96372,2,-0.96868459288089426,0.75170549841936263,2.4818581963359292,0.24829450158063784,-0.96868459288089426,0.5
4.96372,3,0.34974592229663964,-0.58919131914775269,0,-0.67838263829550627,-0.19949184459327943,0
4.99513,0,-0.96040820649039993,-0.72140337958637346,0,0.27859662041362698,0.96040820649039993,0
4.99513,1,3.5993076490121694,1.2009225802736707,0,0.60046129013683525,-0.79965382450608491,0
4.99513,2,-0.96040820649039993,0.72140337958637346,2.4975661596038781,0.27859662041362698,-0.96040820649039993,0.5
4.99513,3,0.3282582201219767,-0.59478348420906146,0,-0.68956696841812382,-0.15651644024395356,0
5.02655,0,-0.95118416901727598,-0.69137615676860753,0,0.30862384323139286,0.95118416901727598,0
5.02655,1,3.6179732387307011,1.1756541152700011,0,0.58782705763500043,-0.80898661936535077,0
5.02655,2,-0.95118416901727598,0.69137615676860753,2.5132741228718269,0.30862384323139286,-0.95118416901727598,0.5
5.02655,3,0.30646187149965265,-0.59901584071035596,0,-0.69803168142071292,-0.11292374299930549,0
5.05796,0,-0.9410215819758978,-0.66165345833660494,0,0.33834654166339539,0.9410215819758978,0
5.05796,1,3.636239634178597,1.1500955871331282,0,0.57504779356656399,-0.81811981708929871,0
5.05796,2,-0.9410215819758978,0.66165345833660494,2.5289820861397758,0.33834654166339539,-0.9410215819758978,0.5
5.05796,3,0.28444284012221993,-0.60187169645243566,0,-0.70374339290487242,-0.068885680244440028,0
5.08938,0,-0.92993047296343401,-0.6322646121815243,0,0.36773538781847603,0.92993047296343401,0
5.08938,1,3.6541023285814345,1.1242533017881153,0,0.56212665089405756,-0.82705116429071757,0
5.08938,2,-0.92993047296343401,0.6322646121815243,2.5446900494077247,0.36773538781847603,-0.92993047296343401,0.5
5.08938,3,0.26228796793171333,-0.60333978808522115,0,-0.70667957617044341,-0.024575935863426858,0
5.1208,0,-0.91792178576544603,-0.60323861677681456,0,0.39676138322318583,0.91792178576544603,0
5.1208,1,3.6715569147678884,1.0981336351699922,0,0.54906681758499598,-0.83577845738394441,0
5.1208,2,-0.91792178576544603,0.60323861677681456,2.5603980126756736,0.39676138322318583,-0.91792178576544603,0.5
5.1208,3,0.24008463261943902,-0.6034143255298352,0,-0.70682865105967152,0.019830734761121759,0
5.15221,0,-0.90500736955746897,-0.57460411256492894,0,0.4253958874350714,0.90500736955746897,0
5.15221,1,3.6885990862570877,1.0717430316506529,0,0.53587151582532633,-0.84429954312854394,0
5.15221,2,-0.90500736955746897,0.57460411256492894,2.5761059759436225,0.4253958874350714,-0.90500736955746897,0.5
5.15221,3,0.21792040301279531,-0.60209501481437988,0,-0.70419002962876076,0.064159193974409168,0
5.18363,0,-0.89119996721322914,-0.54638935369731434,0,0.45361064630268594,0.89119996721322914,0
5.18363,1,3.7052246383211327,1.0450880024488687,0,0.52254400122443423,-0.85261231916056635,0
5.18363,2,-0.89119996721322914,0.54638935369731434,2.5918139392115713,0.45361064630268594,-0.89119996721322914,0.5
5.18363,3,0.19588269370826258,-0.59938705923334679,0,-0.69877411846669446,0.10823461258347462,0
5.21504,0,-0.87651320273103417,-0.51862218015556028,0,0.48137781984444006,0.87651320273103417,0
5.21504,1,3.7214294690225058,1.0181751240238086,0,0.50908756201190419,-0.86071473451125291,0
5.21504,2,-0.87651320273103417,0.51862218015556028,2.6075219024795202,0.48137781984444006,-0.87651320273103417,0.5
5.21504,3,0.17405842031267205,-0.59530113882608771,0,-0.69060227765217641,0.15188315937465569,0
5.24646,0,-0.8609615677907424,-0.49132999028121616,0,0.50867000971878418,0.8609615677907424,0
5.24646,1,3.7372095802261223,0.99101103645246291,0,0.49550551822623135,-0.86860479011306113,0
5.24646,2,-0.8609615677907424,0.49132999028121616,2.6232298657474691,0.50867000971878418,-0.8609615677907424,0.5
5.24646,3,0.15253365665246435,-0.58985336825528178,0,-0.67970673651056457,0.19493268669507108,0
5.27788,0,-0.84456040745457672,-0.46453971374138292,0,0.53546028625861741,0.84456040745457672,0
5.27788,1,3.7525610785857682,0.96360244179137133,0,0.48180122089568556,-0.87628053929288419,0
5.27788,2,-0.84456040745457672,0.46453971374138292,2.638937829015418,0.53546028625861741,-0.84456040745457672,0.5
5.27788,3,0.13139329530288735,-0.5830652332515236,0,-0.66613046650304819,0.23721340939422508,0
5.30929,0,-0.82732590502589065,-0.43827778495675307,0,0.56172221504324726,0.82732590502589065,0
5.30929,1,3.7674801765046877,0.93595610242305838,0,0.46797805121152908,-0.88374008825234396,0
5.30929,2,-0.82732590502589065,0.43827778495675307,2.6546457922833668,0.56172221504324726,-0.82732590502589065,0.5
5.30929,3,0.11072071277598856,-0.57496350587469236,0,-0.64992701174938583,0.27855857444802262,0
5.34071,0,-0.80927506608082855,-0.41257011701831914,0,0.5874298829816812,0.80927506608082855,0
5.34071,1,3.7819631930700757,0.90807883938758571,0,0.45403941969379275,-0.89098159653503795,0
5.34071,2,-0.80927506608082855,0.41257011701831914,2.6703537555513157,0.5874298829816812,-0.80927506608082855,0.5
5.34071,3,0.090597440687884029,-0.5655801389263071,0,-0.63116027785261519,0.31880511862423166,0
5.37212,0,-0.7904257016886348,-0.38744207611848663,0,0.61255792388151364,0.7904257016886348,0
5.37212,1,3.7960065549612518,0.87997753069963136,0,0.43998876534981557,-0.89800327748062603,0
5.37212,2,-0.7904257016886348,0.38744207611848663,2.6860617188192646,0.61255792388151364,-0.7904257016886348,0.5
5.37212,3,0.071102844202202947,-0.55495213992929893,0,-0.60990427985859874,0.35779431159559383,0
5.40354,0,-0.77079641083716943,-0.36291845652182164,0,0.63708154347817869,0.77079641083716943,0
5.40354,1,3.8096067973312868,0.85165910965151259,0,0.42582955482575618,-0.90480339866564363,0
5.40354,2,-0.77079641083716943,0.36291845652182164,2.7017696820872135,0.63708154347817869,-0.77079641083716943,0.5
5.40354,3,0.05231380901791105,-0.54312142517221951,0,-0.58624285034443979,0.39537238196417762,0
5.43496,0,-0.7504065620809709,-0.33902345610012874,0,0.66097654389987159,0.7504065620809709,0
5.43496,1,3.8227605646618676,0.82313056310257005,0,0.41156528155128491,-0.91138028233093393,0
5.43496,2,-0.7504065620809709,0.33902345610012874,2.7174776453551623,0.66097654389987159,-0.7504065620809709,0.5
5.43496,3,0.034304438136016691,-0.53013465439352658,0,-0.56026930878705394,0.43139112372796634,0
5.46637,0,-0.72927627442997467,-0.31578065245600029,0,0.68421934754400004,0.72927627442997467,0
5.46637,1,3.8354646115911857,0.79439892975533555,0,0.39719946487766766,-0.91773230579559295,0
5.46637,2,-0.72927627442997467,0.31578065245600029,2.7331856086231112,0.68421934754400004,-0.72927627442997467,0.5
5.46637,3,0.017145759601096443,-0.51604304675794421,0,-0.5320860935158892,0.46570848079780686,0
5.49779,0,-0.7074263974977445,-0.29321297965839555,0,0.70678702034160479,0.7074263974977445,0
5.49779,1,3.8477158037146499,0.76547129841890904,0,0.38273564920945441,-0.92385790185732497,0
5.49779,2,-0.7074263974977445,0.29321297965839555,2.7488935718910601,0.70678702034160479,-0.7074263974977445,0.5
5.49779,3,0.00090544637029279715,-0.50090217885067678,0,-0.50180435770135434,0.49818910725941412,0
5.5292,0,-0.6848784909288046,-0.2713427056132055,0,0.72865729438679483,0.6848784909288046,0
5.5292,1,3.8595111183582214,0.73635480625997296,0,0.36817740312998637,-0.92975555917911068,0
5.5292,2,-0.6848784909288046,0.2713427056132055,2.764601535159009,0.72865729438679483,-0.6848784909288046,0.5
5.5292,3,-0.014352450585393648,-0.48477176548617829,0,-0.4695435309723574,0.52870490117078706,0
5.56062,0,-0.66165480312537261,-0.25019141009113216,0,0.74980858990886812,0.66165480312537261,0
5.56062,1,3.8708476453241825,0.7070566370418756,0,0.35352831852093769,-0.93542382266209134,0
5.56062,2,-0.66165480312537261,0.25019141009113216,2.7803094984269578,0.74980858990886812,-0.66165480312537261,0.5
5.56062,3,-0.028567754894882495,-0.46771542419595535,0,-0.43543084839191148,0.55713550978976478,0
5.59203,0,-0.63777824929448335,-0.22977996343456225,0,0.77022003656543803,0.63777824929448335,0
5.59203,1,3.8817225876091559,0.67758401935221779,0,0.33879200967610879,-0.94086129380457817,0
5.59203,2,-0.63777824929448335,0.22977996343456225,2.7960174616949067,0.77022003656543803,-0.63777824929448335,0.5
5.59203,3,-0.041684402119566449,-0.4498004243242521,0,-0.39960084864850498,0.58336880423913273,0
5.62345,0,-0.61327238883716473,-0.21012850596444621,0,0.78987149403555401,0.61327238883716473,0
5.62345,1,3.8921332620941942,0.64794422481938052,0,0.32397211240969015,-0.94606663104709721,0
5.62345,2,-0.61327238883716473,0.21012850596444621,2.8117254249628556,0.78987149403555401,-0.61327238883716473,0.5
5.62345,3,-0.053650660868611255,-0.43109742172117133,0,-0.36219484344234348,0.6073013217372224,0
5.65487,0,-0.58816140210197709,-0.19125642810750149,0,0.80874357189249868,0.58816140210197709,0
5.65487,1,3.9020771002067716,0.61814456631843306,0,0.30907228315921642,-0.95103855010338589,0
5.65487,2,-0.58816140210197709,0.19125642810750149,2.8274333882308045,0.80874357189249868,-0.58816140210197709,0.5
5.65487,3,-0.064419336824935225,-0.41168018007958829,0,-0.32336036015917735,0.62883867364987034,0
5.68628,0,-0.56247006652585263,-0.17318235126334935,0,0.82681764873665076,0.56247006652585263,0
5.68628,1,3.9115516485545156,0.58819239616686481,0,0.29409619808343229,-0.95577582427725793,0
5.68628,2,-0.56247006652585263,0.17318235126334935,2.8431413514987534,0.82681764873665076,-0.56247006652585263,0.5
5.68628,3,-0.073947958877200112,-0.39162528001489016,0,-0.28325056002978111,0.64789591775440014,0
5.7177,0,-0.53622373218577779,-0.15592410943046375,0,0.84407589056953636,0.53622373218577779,0
5.7177,1,3.9205545695305202,0.55809510431058551,0,0.27904755215529264,-0.96027728476526009,0
5.7177,2,-0.53622373218577779,0.15592410943046375,2.8588493147667022,0.84407589056953636,-0.53622373218577779,0.5
5.7177,3,-0.082198946623718364,-0.37101181703491654,0,-0.24202363406983388,0.66439789324743659,0
5.74911,0,-0.5094482967854419,-0.13949873160906218,0,0.86050126839093799,0.5094482967854419,0
5.74911,1,3.9290836418900903,0.52786011650064169,0,0.26393005825032073,-0.96454182094504515,0
5.74911,2,-0.5094482967854419,0.13949873160906218,2.8745572780346511,0.86050126839093799,-0.5094482967854419,0.5
5.74911,3,-0.089139758587649734,-0.34992108959129137,0,-0.19984217918258351,0.67827951717529933,0
5.78053,0,-0.48217018010153306,-0.12392242499830207,0,0.87607757500169814,0.48217018010153306,0
5.78053,1,3.9371367612987798,0.4974948924610989,0,0.24874744623054934,-0.96856838064938977,0
5.78053,2,-0.48217018010153306,0.12392242499830207,2.8902652413026,0.87607757500169814,-0.48217018010153306,0.5
5.78053,3,-0.094743020558934091,-0.3284362784424566,0,-0.15687255688491394,0.68948604111786804,0
5.81195,0,-0.45441629791489629,-0.1092105590043623,0,0.89078944099563795,0.45441629791489629,0
5.81195,1,3.9447119408515814,0.46700692404854227,0,0.23350346202427102,-0.97235597042579069,0
5.81195,2,-0.45441629791489629,0.1092105590043623,2.9059732045705489,0.89078944099563795,-0.45441629791489629,0.5
5.81195,3,-0.098986633556786344,-0.30664211859298324,0,-0.11328423718596724,0.69797326711357255,0
5.84336,0,-0.42621403545227543,-0.095377650075189113,0,0.90462234992481116,0.42621403545227543,0
5.84336,1,3.9518073115631478,0.43640373340364902,0,0.2182018667018244,-0.9759036557815739,0
5.84336,2,-0.42621403545227543,0.095377650075189113,2.9216811678384977,0.90462234992481116,-0.42621403545227543,0.5
5.84336,3,-0.10185386098695487,-0.2846245651030147,0,-0.069249130206030129,0.70370772197390963,0
5.87478,0,-0.3975912203648449,-0.082437347376870487,0,0.91756265262312975,0.3975912203648449,0
5.87478,1,3.9584211228289146,0.40569287109528895,0,0.20284643554764437,-0.97921056141445739,0
5.87478,2,-0.3975912203648449,0.082437347376870487,2.9373891311064466,0.91756265262312975,-0.3975912203648449,0.5
5.87478,3,-0.10333339464999969,-0.26247045408587266,0,-0.024940908171746053,0.70666678929999927,0
5.90619,0,-0.36857609527019397,-0.070402419325772236,0,0.92959758067422804,0.36857609527019397,0
5.90619,1,3.9645517428570196,0.37488191425761136,0,0.18744095712880557,-0.98227587142851003,0
5.90619,2,-0.36857609527019397,0.070402419325772236,2.9530970943743955,0.92959758067422804,-0.36857609527019397,0.5
5.90619,3,-0.103419399340257,-0.24026716023083416,0,0.01946567953833097,0.70683879868051391,0
5.93761,0,-0.33919728988485648,-0.059284740989724805,0,0.94071525901027542,0.33919728988485648,0
5.93761,1,3.970197659070906,0.34397846472057736,0,0.17198923236028857,-0.98509882953545336,0
5.93761,2,-0.33919728988485648,0.059284740989724805,2.9688050576423444,0.94071525901027542,-0.33919728988485648,0.5
5.93761,3,-0.10211153585959415,-0.21810225220179227,0,0.063795495596414745,0.70422307171918819,0
5.96903,0,-0.30948379277488341,-0.049095282370692245,0,0.95090471762930795,0.30948379277488341,0
5.96903,1,3.9753574784825125,0.31299014713439915,0,0.15649507356719947,-0.98767873924125671,0
5.96903,2,-0.30948379277488341,0.049095282370692245,2.9845130209102932,0.95090471762930795,-0.30948379277488341,0.5
5.96903,3,-0.099414962355189845,-0.19606314727089089,0,0.10787370545821751,0.69882992471037952,0
6.00044,0,-0.2794649227523327,-0.039844097580485009,0,0.96015590241951521,0.2794649227523327,0
6.00044,1,3.9800299280359583,0.2819246070883491,0,0.14096230354417444,-0.99001496401797962,0
6.00044,2,-0.2794649227523327,0.039844097580485009,3.0002209841782421,0.96015590241951521,-0.2794649227523327,0.5
6.00044,3,-0.09534031397606349,-0.17423676654924075,0,0.15152646690151775,0.69068062795212681,0
6.03186,0,-0.24917029994589959,-0.031540314920197154,0,0.96845968507980307,0.24917029994589959,0
6.03186,1,3.9842138549216375,0.25078950922440257,0,0.12539475461220118,-0.9921069274608193,0
6.03186,2,-0.24917029994589959,0.031540314920197154,3.015928947446191,0.96845968507980307,-0.24917029994589959,0.5
6.03186,3,-0.089903660928587342,-0.15270919217446957,0,0.19458161565106014,0.67980732185717452,0
6.06327,0,-0.21862981657423272,-0.024192127873156669,0,0.9758078721268435,0.21862981657423272,0
6.06327,1,3.9879082268606463,0.21959253534618001,0,0.10979626767308989,-0.99395411343032369,0
6.06327,2,-0.21862981657423272,0.024192127873156669,3.0316369107141399,0.9758078721268435,-0.21862981657423272,0.5
6.06327,3,-0.083126445096408319,-0.13156532780714073,0,0.23686934438571786,0.66625289019281642,0
6.09469,0,-0.18787360745077453,-0.017806787020276372,0,0.98219321297972384,0.18787360745077455,0
6.09469,1,3.9911121323594712,0.18834138252365462,0,0.0941706912618272,-0.99555606617973613,0
6.09469,2,-0.18787360745077453,0.017806787020276372,3.0473448739820888,0.98219321297972384,-0.18787360745077455,0.5
6.09469,3,-0.075035395474747288,-0.11088856377502594,0,0.27822287244994742,0.65007079094949438,0
6.12611,0,-0.15693202024922925,-0.012390592885782625,0,0.98760940711421763,0.15693202024922928,0
6.12611,1,3.9938247809348781,0.1570437611940938,0,0.078521880597046803,-0.99691239046743951,0
6.12611,2,-0.15693202024922925,0.012390592885782625,3.0630528372500376,0.98760940711421763,-0.15693202024922928,0.5
6.12611,3,-0.065662422752598745,-0.090760448185885551,0,0.31847910362822818,0.6313248455051973,0
6.15752,0,-0.12583558555899801,-0.0079488897203811165,0,0.99205111027961912,0.12583558555899804,0
6.15752,1,3.9960455033089435,0.12570739325970226,0,0.062853696629851033,-0.99802275165447207,0
6.15752,2,-0.12583558555899801,0.0079488897203811165,3.0787608005179865,0.99205111027961912,-0.12583558555899804,0.5
6.15752,3,-0.055044493458593247,-0.071260365305870987,0,0.3574792693882573,0.61008898691718627,0
6.18894,0,-0.094614986760127931,-0.004486060227993958,0,0.99551393977200631,0.094614986760127959,0
6.18894,1,3.997773751574182,0.094340010182436526,0,0.047170005091218166,-0.99888687578709123,0
6.18894,2,-0.094614986760127931,0.004486060227993958,3.0944687637859354,0.99551393977200631,-0.094614986760127959,0.5
6.18894,3,-0.043223484166884964,-0.052465222472008743,0,0.39506955505598179,0.58644696833376975,0
6.22035,0,-0.063301029747500098,-0.002005521241271313,0,0.99799447875872893,0.063301029747500126,0
6.22035,1,3.9990090993287288,0.06294935107646088,0,0.031474675538230343,-0.99950454966436475,0
6.22035,2,-0.063301029747500098,0.002005521241271313,3.1101767270538843,0.99799447875872893,-0.063301029747500126,0.5
6.22035,3,-0.030246016338068935,-0.03444914677356703,0,0.43110170645286522,0.56049203267613767,0
6.25177,0,-0.031924612534130141,-0.00050972035014461639,0,0.9994902796498556,0.031924612534130162,0
6.25177,1,3.9997512417815444,0.03154316079871524,0,0.015771580399357523,-0.99987562089077264,0
6.25177,2,-0.031924612534130141,0.00050972035014461639,3.1258846903218331,0.9994902796498556,-0.031924612534130162,0.5
6.25177,3,-0.016163272446507046,-0.017283192698578559,0,0.46543361460284216,0.5323265448930139,0
6.28319,0,-0.00051669476357413258,-1.334867480322138e-07,0,0.99999986651325223,0.00051669476357415339,0
6.28319,1,3.9999999958276131,0.00012918803806619139,0,6.4594019032998551e-05,-0.99999999791380711,0
6.28319,2,-0.00051669476357413258,1.334867480322138e-07,3.141592653589782,0.99999986651325223,-0.00051669476357415339,0.5
6.28319,3,-0.0010307941192472577,-0.0010350618985465188,0,0.49792987620290624,0.50206158823849434,0
